study_id,ahi,respiratory_event_count,sleep_hours,hypopnea_count,obstructive_apnea_count,central_apnea_count,mixed_apnea_count,n1_fraction,n2_fraction,n3_fraction,rem_fraction,wake_epoch_count,edf_duration_hours,edf_channel_count,edf_eeg_median,edf_eeg_iqr,edf_eeg_diff_mad,edf_airflow_median,edf_airflow_iqr,edf_airflow_diff_mad,edf_respiratory_belt_median,edf_respiratory_belt_iqr,edf_respiratory_belt_diff_mad,edf_heart_rate_median,edf_heart_rate_iqr,edf_heart_rate_diff_mad,edf_spo2_median,edf_spo2_iqr,edf_spo2_diff_mad
20240913T225816 - ad1c7,22.652106084243368,121,5.341666666666667,121,0,0,0,0.31981279251170047,0.38065522620904835,0.0031201248049922,0.296411856474259,118,6.5,28,-3.4926602984712864e-06,2.9866237372966703e-05,1.3984191412091433e-05,0.03788895706045717,0.02222243501083475,0.001169732749412511,2e-06,0.0,0.0,64.90815219580676,6.050721762749106,0.9157994323557261,92.0014038514359,1.1517685476241297,0.015564439832758126
20240913T231750 - 9cbba,16.111888111888113,96,5.958333333333333,96,0,0,0,0.16923076923076924,0.5762237762237762,0.0993006993006993,0.15524475524475526,74,6.722222222222222,28,2.7003387554549197e-06,3.5859462263863035e-05,1.618170720542009e-05,0.02096887969603585,0.02390021321756674,0.0001875056306650004,2.466216010010071e-06,869.2500025158239,5.117343668935211e-07,64.05097811822834,4.749515640735744,1.100016785180209,95.95146488845448,2.000030518509476,0.0
20241007T233021 - 91fd6,20.372093023255815,73,3.5833333333333335,73,0,0,0,0.3953488372093023,0.413953488372093,0.004651162790697674,0.18604651162790697,299,6.308333333333334,28,-3.292886135441409e-06,5.244071779534287e-05,2.0077303384502705e-05,0.02210435551774652,0.025078909161656632,0.00037471289712210504,3.5641270180364384e-06,3.2514267403180028e-06,1.8158513138220376e-09,92.25174884182238,8.000122074037904,1.100016785180216,94.95144962919974,7.100108340708644,0.10000152592547806
20241022T231541 - 6a957,17.74390243902439,97,5.466666666666667,97,0,0,0,0.3567073170731707,0.37347560975609756,0.06097560975609756,0.20884146341463414,57,6.144444444444445,28,-1.8944669942322655e-06,2.716928617206336e-05,1.248588518936735e-05,0.025005604388561663,0.031609786160619005,0.0003811396984771259,1.5009842219306007e-06,67.25000155909909,3.625598925748456e-08,70.65882354045229,7.058844300286509,1.100016785180216,94.95144962919974,2.000030518509476,0.0
20241028T222519 - 0fcc2,21.02920723226704,126,5.991666666666666,126,0,0,0,0.3184979137691238,0.44645340751043117,0.06397774687065369,0.17107093184979139,116,7.5055555555555555,28,5.097628711813451e-06,4.994354075746941e-05,1.768001342814417e-05,0.023911980239265117,0.029817432844019987,0.000364885631885737,3.7499999999999997e-06,3.2819452497939994e-06,1.2359996337779188e-09,60.62842858973969,8.24352405774102,1.6974950895718308,95.95146488845448,1.000015259254738,0.0
20241030T223243 - 3e6b2,30.331753554502367,160,5.275,160,0,0,0,0.07266982622432859,0.44549763033175355,0.22906793048973143,0.2527646129541864,13,6.730555555555555,29,4.098757896664063e-06,4.6647267067476426e-05,1.7480239265114295e-05,0.0327865211035493,0.03356954133732105,0.00036335926389355344,32767.0,0.0,0.0,63.49699510025332,6.56778612170784,1.2141576296273726,93.02865688039796,1.9961394085512865,0.03112887966551625
20241031T230202 - 805e5,25.846153846153843,140,5.416666666666667,140,0,0,0,0.32153846153846155,0.43538461538461537,0.009230769230769232,0.23384615384615384,78,6.238888888888889,28,-4.091982787560919e-06,3.026578569902646e-05,1.4783288064210944e-05,0.03459665712454602,0.036663529801323376,0.0008159824823755599,2e-06,0.0,0.0,59.9995574816126,4.140073049104345,0.9725667790765016,94.00143436994537,2.000030518509476,0.019455549790947657
20241114T224536 - e6b16,15.716814159292037,74,4.708333333333333,74,0,0,0,0.5663716814159292,0.3734513274336283,0.007079646017699115,0.05309734513274336,207,6.605555555555555,28,-4.691305276650552e-06,5.573699148533585e-05,1.758012634662923e-05,0.03218686922818689,0.03635701646473556,0.0006536151921140224,2e-06,0.0,0.0,85.88079470198676,8.262337107455679,1.6461879726554116,96.00146488845485,1.0768646809289777,0.0038911099581895314
20241119T232817 - 696ca,33.452188006482984,172,5.141666666666667,172,0,0,0,0.35170178282009723,0.25283630470016205,0.10696920583468396,0.2884927066450567,105,6.213888888888889,28,1.6015808587905929e-06,3.975505844294565e-05,1.6880916776024657e-05,0.021167161305581834,0.02120316959517205,0.00037837165440839787,3.5781502731406594e-06,3.192373424481948e-06,1.785332804346165e-09,77.9511902218692,9.30590561998352,1.000015259254738,93.951434369945,2.000030518509476,0.0
20241125T232211 - b4331,14.293628808864266,86,6.016666666666667,86,0,0,0,0.054016620498614956,0.5207756232686981,0.18698060941828254,0.23822714681440443,54,6.572222222222222,28,3.599322489089369e-06,3.995483260597552e-05,1.6581255531479835e-05,0.03382337235633411,0.00649684162800989,0.0005291417737357737,1e-06,1e-06,0.0,69.61464278084658,5.500119309060935,1.1074556718649973,94.00143436994537,1.0778374584185286,0.0
20241203T231831 - 6ca73,16.294200848656295,96,5.891666666666667,96,0,0,0,0.10466760961810467,0.5332390381895332,0.157001414427157,0.2050919377652051,17,6.25,28,1.1390514847254596e-05,4.225223548081912e-05,1.847911008026368e-05,0.019804788987395856,0.022567184835352725,0.0005063476821192056,2.5074236274300363e-06,1283.2499975345775,7.06503494369337e-08,70.15107119968225,7.700117496261484,1.20001831110568,92.95141911069027,2.000030518509476,0.0
20241210T221428 - b5035,10.014903129657228,56,5.591666666666667,56,0,0,0,0.20119225037257824,0.6900149031296572,0.08196721311475409,0.026825633383010434,174,7.175,29,8.094241157261616e-06,7.31173436689352e-05,3.226352732932523e-05,0.02017627167577136,0.02594507400738557,0.0004006069521164564,2.4511398663289284e-06,1643.750002492443,4.5304727317117816e-08,63.11694836878565,4.400269876705224,0.8299441404461732,95.95146488845448,1.000015259254738,0.0
20241215T231539 - 05bea,43.50453172205438,240,5.516666666666667,240,0,0,0,0.17220543806646527,0.6344410876132931,0.04833836858006042,0.14501510574018128,92,6.402777777777778,29,1.6015808587905929e-06,4.3950315866573075e-05,1.7380352183599354e-05,0.03526196057008575,0.02678111246070738,0.00049851326029237,2e-06,32766.999998,0.0,74.51443415936764,5.467770299386572,1.3914400944547864,93.00141911069063,2.0039216284676655,0.0622577593310325
20241221T223513 - 43542,7.456647398843931,43,5.766666666666667,43,0,0,0,0.5491329479768786,0.21820809248554912,0.0,0.23265895953757226,86,6.6194444444444445,29,2.9999999999997362e-06,2.7668721579638048e-05,1.2086336863307594e-05,0.03861655400250252,0.02234174384289028,0.0011945362712485127,2e-06,1.0000000000000002e-06,0.0,69.66813074129459,4.515063704336683,1.1594806451612953,94.00143436994537,1.000015259254738,0.0
20241221T225211 - 942d2,47.213114754098356,216,4.575,216,0,0,0,0.6484517304189436,0.3442622950819672,0.007285974499089253,0.0,186,6.225,29,-1.594805749687449e-06,5.35394756920072e-05,2.2174932096316422e-05,0.022308061525315104,0.024092602587969688,0.001037083895382554,1.4833597827082124e-06,416.9999985536668,8.473464156010603e-08,72.85111239967004,3.8264827158418058,1.0156664387951295,94.95144962919974,2.000030518509476,0.0
20250103T225610 - 4ade3,6.9421487603305785,35,5.041666666666667,35,0,0,0,0.512396694214876,0.4809917355371901,0.0,0.006611570247933884,117,6.127777777777778,28,2.9999999999997362e-06,4.55485091708121e-05,1.7380352183599354e-05,0.02597197197637867,0.03437094767601558,0.0006012629932554102,2.4692983794671467e-06,734.0000025099948,3.6378063295388685e-08,95.95146488845448,12.373141132846698,1.6982648365733723,93.05142063661575,6.200094607379384,0.9000137333292599
20250108T230430 - 93ef5,36.80580762250454,169,4.591666666666667,169,0,0,0,0.542649727767695,0.2849364791288566,0.13611615245009073,0.036297640653357534,171,6.166666666666667,28,-5.959349345380609e-07,3.7757316812646875e-05,1.5182836390270696e-05,0.03448101470992157,0.036064771752067286,0.0008451787469100011,2e-06,0.0,0.0,82.24171749626149,7.049184356212052,1.0939054536576407,94.94697408978546,2.5194936979277998,0.038911099581895314
20250114T230801 - 0d92b,10.958904109589042,60,5.475,60,0,0,0,0.2450532724505327,0.4124809741248097,0.3272450532724505,0.015220700152207,105,6.4527777777777775,28,4.398419141208879e-06,3.6458784752952666e-05,1.688091677602466e-05,0.036059804376354254,0.046314864375743975,0.0008726256294442555,2e-06,0.0,0.0,72.0764946440016,9.858381014435295,1.2355113376262779,94.00143436994537,1.0272530289620647,0.015564439832758126
20250116T224558 - e600d,37.743589743589745,184,4.875,184,0,0,0,0.6153846153846154,0.3811965811965812,0.003418803418803419,0.0,144,6.183333333333334,28,5.9966124454479005e-06,3.156431775872066e-05,1.4483626819666132e-05,0.0338986601001007,0.036394066972869496,0.0010679174779503753,2e-06,0.0,0.0,67.13576158940397,6.63103122043519,0.9997337717825872,94.00143436994537,2.0545060579241294,0.019455549790947657
20250124T224614 - 94a9e,32.52892561983471,164,5.041666666666667,164,0,0,0,0.3504132231404959,0.39173553719008264,0.10578512396694215,0.15206611570247933,120,6.222222222222222,28,-1.3950315866575714e-06,2.9966124454481643e-05,1.3784417249061555e-05,0.026401501510666132,0.030232347148045374,0.0008134590441602821,2.4939115573595382e-06,673.2499975510613,5.386516922513521e-08,71.95109866634077,5.246840583513531,0.8700546891689811,91.95140385143553,3.000045777764214,0.0
20250211T220910 - 17a61,33.4054054054054,206,6.166666666666667,206,0,0,0,0.05945945945945946,0.5918918918918918,0.18243243243243243,0.1662162162162162,70,6.8694444444444445,28,1.6015808587905929e-06,4.092873165074618e-05,1.867888424329356e-05,0.02467477440717795,0.028449332842494054,0.0005308820764793852,2.480048524430067e-06,306.9999975493904,4.2936490981780496e-07,63.860465079195514,6.000091555528421,1.100016785180216,93.951434369945,2.000030518509476,0.0
20250212T215454 - a75fd,17.51552795031056,94,5.366666666666666,94,0,0,0,0.38354037267080743,0.5900621118012422,0.006211180124223602,0.020186335403726708,242,7.502777777777778,28,-3.4926602984712864e-06,4.345088045899838e-05,1.6081820123905146e-05,0.03596143244727928,0.04589347101123092,0.0005396068147831647,2e-06,32766.999998,0.0,82.22479628284549,7.232682914212489,0.9335955992309408,92.98974578081607,1.1478774376659402,0.015564439832758126
20250217T230024 - d143b,9.93324432576769,62,6.241666666666666,62,0,0,0,0.15220293724966621,0.5914552736982643,0.0534045393858478,0.20293724966622162,28,6.594444444444444,29,1.00225836970096e-06,4.6447492904446545e-05,1.7380352183599347e-05,0.03204412112796411,0.029405092242194522,0.00026873641163366324,2e-06,32766.999998,0.0,54.97348135929441,8.275165666676862,1.6072267830439202,93.00141911069063,2.5934247871333866,0.019455549790947657
20250227T225014 - 06af2,15.952732644017726,90,5.641666666666667,90,0,0,0,0.25258493353028066,0.5701624815361891,0.033973412112259974,0.1432791728212703,44,6.1305555555555555,28,1.9012421033354092e-06,3.855641346476638e-05,1.6081820123905142e-05,0.030198099795525988,0.03086803906369202,0.000720969756157111,2e-06,0.0,0.0,61.08096560563982,8.534073915829957,1.8173252845851096,95.00144962920011,1.0194708090456857,0.0
20250302T230456 - 08965,43.83233532934132,244,5.566666666666666,244,0,0,0,0.13622754491017963,0.44011976047904194,0.4041916167664671,0.019461077844311378,107,6.594444444444444,28,1.1590289010284474e-05,0.00011876573992126225,5.793450727866451e-05,0.0233496047853022,0.012207961107974572,0.0004351264839625238,1.4621875667592394e-06,1354.0000014896084,4.496902371288195e-08,86.36689160130618,6.146488616595619,1.20001831110568,92.95141911069027,2.000030518509476,0.0
20250304T232251 - d0e1c,30.718232044198892,139,4.525,139,0,0,0,0.5303867403314917,0.4143646408839779,0.009208103130755065,0.04604051565377532,178,6.2444444444444445,28,5.397289956358267e-06,5.413879818109683e-05,2.3673238319040495e-05,0.02109105455183569,0.042563418172246556,0.0005529926450392186,3.5498062074648267e-06,3.252864925077059e-06,3.17392498550387e-09,81.576731510361,10.380761659596217,1.302545249794008,94.95144962919974,1.000015259254738,0.0
20250310T225920 - 55d3b,19.19191919191919,95,4.95,95,0,0,0,0.4595959595959596,0.3164983164983165,0.003367003367003367,0.22053872053872053,127,6.125,28,5.028229621262659e-07,3.735776848658711e-05,1.3384868923001803e-05,0.03321901272621844,0.04136320393993912,0.0006454683065279035,2e-06,0.0,0.0,77.38090242088074,9.741145312738425,1.2484834360789847,92.09868160039063,6.054567094943081,0.18288216803490798
20250327T230805 - 7c26a,8.460431654676258,49,5.791666666666667,49,0,0,0,0.18129496402877698,0.7064748201438849,0.04892086330935252,0.06330935251798561,98,6.727777777777778,28,8.893337809381126e-06,3.5859462263863035e-05,1.6381481368449964e-05,0.03668450277718436,0.03588988958021804,0.0008969808801538165,2e-06,0.0,0.0,70.93596797997986,6.592914061403249,0.9267115085299338,93.00141911069063,2.000030518509476,0.011673329874568594
20250416T093837 - 5930d,18.313953488372093,105,5.733333333333333,105,0,0,0,0.11627906976744186,0.40988372093023256,0.12063953488372094,0.35319767441860467,53,6.363888888888889,28,-3.592547379986225e-06,3.8156865138706624e-05,1.178667561876278e-05,0.021194489387188327,0.02825063078707244,0.00033971741386150736,1.4599291970580155e-06,2220.0000014977036,2.443006683553568e-08,56.950869777519706,8.256258936200702,1.6399922559282203,94.95144962919974,1.900028992583998,0.0
20250419T224443 - 8b996,29.2436974789916,145,4.958333333333333,145,0,0,0,0.5294117647058824,0.26554621848739496,0.0,0.20504201680672268,126,6.2555555555555555,28,3.030487990963883e-07,2.729414502395703e-05,1.1586901455732901e-05,0.02660268089083529,0.03817528434476768,0.0003969629505294961,2.199621570482498e-06,675.0000022306741,2.749336222418897e-06,67.42999343852046,6.163052858058762,1.000015259254738,93.951434369945,1.000015259254738,0.0
20250421T230048 - 3555a,26.60377358490566,141,5.3,141,0,0,0,0.24056603773584906,0.44339622641509435,0.139937106918239,0.1761006289308176,111,6.3805555555555555,28,3.387554551571891e-09,4.2651783806878867e-05,1.6281594286935023e-05,0.0233496047853022,0.02472304897076335,0.0004935523697622603,2.521530808435316e-06,1676.7499975462356,4.463332010864608e-08,74.16060062257758,7.000106814783166,1.000015259254738,94.95144962919974,1.900028992583998,0.0
20250427T224010 - 19206,52.4007561436673,231,4.408333333333333,231,0,0,0,0.7107750472589792,0.27032136105860116,0.01890359168241966,0.0,214,6.3277777777777775,28,3.030487990963883e-07,2.607052827539903e-05,1.268565935239723e-05,0.034469260948515275,0.04493429938657839,0.0007544717398602272,2e-06,32766.999998,0.0,86.92080079653309,8.889825025177785,0.68091854304636,92.03253273110141,2.023377178258613,0.05058442945646391
20250427T224725 - 2a2a6,51.810089020771514,291,5.616666666666666,291,0,0,0,0.23293768545994065,0.4198813056379822,0.1513353115727003,0.19584569732937684,69,6.425,28,6.496047853022595e-06,5.551224555192724e-05,2.0776512955107276e-05,0.02399329895931883,0.028381208014160674,0.000603647083956417,-819.0,3580.0,195.0,64.36478412427142,7.727889492476777,1.800027466658534,93.951434369945,2.000030518509476,0.0
20250429T221319 - 309b6,22.82694848084544,144,6.308333333333334,144,0,0,0,0.10039630118890357,0.6023778071334214,0.11889035667107001,0.178335535006605,65,6.955555555555556,28,-2.962736899932445e-07,3.805697805719169e-05,1.8179448835718863e-05,0.022827389446699417,0.028515958357493904,0.000692093569750054,1.5106814783165988e-06,10.999998574842829,6.524857325968203e-08,58.51519390087588,5.800088503677486,1.000015259254738,94.95144962919974,1.8000274666585199,0.0
20250504T222925 - 39b18,17.213114754098363,105,6.1,105,0,0,0,0.18032786885245902,0.4808743169398907,0.0860655737704918,0.2527322404371585,31,6.486111111111111,28,4.698080385753696e-06,2.656996368297372e-05,1.258577227088229e-05,0.02253706747642445,0.049352160100100795,0.00035128574480422503,2.4830774864955594e-06,760.0000025357067,6.401257362590432e-08,60.026982918790225,8.900135807367164,1.20001831110568,93.951434369945,1.700025940733056,0.0
20250514T225415 - 85553,24.175182481751825,138,5.708333333333333,138,0,0,0,0.11240875912408758,0.6204379562043796,0.05693430656934306,0.21021897810218979,62,6.35,28,-3.99209570604598e-06,2.9866237372966703e-05,1.2585772270882293e-05,0.023258261131626327,0.03173972594378491,0.00033788782921841815,1.8909878841517376e-06,708.0000019538026,1.056520279549547e-06,62.24570675908693,10.800164799951169,3.100047303689685,92.95141911069027,1.000015259254738,0.0
20250514T225953 - cc636,26.244604316546763,152,5.791666666666667,152,0,0,0,0.18992805755395684,0.60431654676259,0.0,0.20575539568345325,37,6.258333333333334,28,7.095370342112227e-06,2.816815698721274e-05,1.2086336863307596e-05,0.02327095043794061,0.02125876580858799,0.000507592699972536,3.5271004364146853e-06,388.9999965591258,3.79192480239266e-08,73.05111545152099,8.670195940274894,0.9000137333292599,92.95141911069027,3.000045777764214,0.0
20250515T231026 - e2ff5,27.637795275590552,117,4.233333333333333,117,0,0,0,0.2283464566929134,0.4763779527559055,0.1594488188976378,0.13582677165354332,226,6.333333333333333,28,3.1997741630296138e-06,4.774602496414075e-05,1.807956175420392e-05,0.02376537259285257,0.020589146965697285,0.0004116586809900201,1.455916013061922e-06,2172.0000014916263,4.0726950895718305e-08,57.67619145023957,7.000106814783166,1.100016785180209,94.95144962919974,1.8000274666585199,0.0
20250516T221351 - 76a86,32.41025641025641,158,4.875,158,0,0,0,0.36923076923076925,0.49743589743589745,0.0,0.13333333333333333,174,6.7444444444444445,28,7.025971251561435e-07,2.077651295510727e-05,9.98870815149388e-06,0.025484753257850892,0.04111943002105786,0.00016353364665669737,1.9999999999999995e-06,1.0117801446577346e-06,4.409924619281577e-09,63.95097659230287,6.600100711081275,1.085439970091862,93.951434369945,2.000030518509476,0.0
20250521T224248 - 52b02,7.513812154696132,34,4.525,34,0,0,0,0.7569060773480663,0.13627992633517497,0.0,0.10681399631675875,197,6.286111111111111,28,1.8013550218204704e-06,3.845652638325144e-05,1.3484756004516738e-05,0.026448531662953585,0.03141778914761812,0.000552555925168615,2.467513046662801e-06,281.75000253544727,5.2294991912595e-07,89.5884366069521,6.180348139896509,1.2000183111056941,87.95134281441658,13.100199896237072,0.800012207403789
20250522T090723 - 724ce,12.055641421947449,65,5.391666666666667,65,0,0,0,0.11901081916537867,0.49768160741885625,0.10664605873261206,0.27666151468315303,81,6.272222222222222,28,4.797967467268634e-06,4.0853816339609975e-05,1.3884304330576494e-05,0.020908087405011055,0.027713459414197297,0.00046655951109348184,3.7499999999999997e-06,3.1105571153904838e-06,1.3733329264193451e-09,53.37632997528003,7.2157881710257215,1.113272377697072,95.05145115512522,1.000015259254738,0.0
20250522T230324 - aa419,13.20754716981132,70,5.3,70,0,0,0,0.11163522012578617,0.5911949685534591,0.09433962264150944,0.2028301886792453,104,6.2972222222222225,28,-5.490401928770062e-06,4.444975127414777e-05,1.8978545487838378e-05,0.026114708433790094,0.03965691763054301,0.0010884502700888136,2e-06,1.0149845881527143e-06,2.3804437391277966e-09,57.15087282937065,6.715126999725662,1.100016785180209,94.95144962919974,2.000030518509476,0.0
20250529T224349 - 2b54f,8.29971181556196,48,5.783333333333333,48,0,0,0,0.37175792507204614,0.3559077809798271,0.05763688760806916,0.21469740634005763,44,6.272222222222222,28,-1.3950315866575714e-06,2.5371318704794457e-05,1.1886562700277718e-05,0.03421340876491591,0.035206250129703485,0.000764836787011329,2e-06,0.0,0.0,57.001281777397985,7.632100653477579,1.1235694448683162,94.9664296395764,1.1478774376659402,0.011673329874568594
20250618T224620 - 969f1,36.88073394495413,201,5.45,201,0,0,0,0.21559633027522937,0.3318042813455658,0.1559633027522936,0.2966360856269113,78,6.219444444444444,28,8.024842066710823e-07,3.925562303537095e-05,1.5981933042390205e-05,0.02332544573809015,0.007111762062440956,0.00030774628437147365,2.530259102145451e-06,1712.9999975281685,5.6993316446424845e-08,58.050886562699915,16.174622610401073,3.300050355540641,92.95141911069027,2.000030518509476,0.0
20250619T224819 - 4c8fe,22.748815165876774,120,5.275,120,0,0,0,0.15955766192733017,0.5987361769352291,0.00315955766192733,0.23854660347551343,95,6.180555555555555,28,1.9012421033354092e-06,2.7668721579638048e-05,1.2985320596942045e-05,0.026295471022675248,0.023600083010345857,0.0006603953978087732,3.463347270119327e-06,1859.5000035197722,2.255317850276211e-08,70.95108340708603,7.900120548112426,0.9353721030304882,92.95141911069027,3.900059511093474,0.0
20250620T231117 - 9bd2a,6.039735099337748,38,6.291666666666667,38,0,0,0,0.21721854304635763,0.5801324503311258,0.038410596026490065,0.16423841059602648,29,6.677777777777778,28,2.001129184850348e-06,4.614783165990173e-05,1.6181707205420086e-05,0.020852831904049806,0.021809148648030113,0.00029643772698141396,5.4307077242347476e-06,1318.0000054425184,7.959837641529594e-07,48.050733970152535,13.300202948088014,1.2248186284981841,93.05142063661575,5.90009002960295,0.10000152592547806
20250621T232838 - 376bd,17.67857142857143,99,5.6,99,0,0,0,0.38392857142857145,0.33630952380952384,0.11458333333333333,0.16517857142857142,51,6.183333333333334,28,-1.594805749687449e-06,0.00010757838679158909,4.1353251747184665e-05,0.034626255714590895,0.02982364383373496,0.0005668019653920081,2e-06,1.0000000000000002e-06,0.0,98.23841059602648,10.394744798120087,2.0132450331125824,82.92344431897946,17.436063722647788,1.2801751762444127
20250623T230129 - 895e2,25.454545454545457,133,5.225,133,0,0,0,0.3620414673046252,0.5231259968102073,0.11483253588516747,0.0,100,6.263888888888889,28,-2.8933378093816537e-06,6.392773216956085e-05,2.6270302438428906e-05,0.03518276481673635,0.038543005390331966,0.0006114039124729201,3e-06,32766.999997,0.0,77.93664357432782,7.073489213232804,1.2044636524552175,95.00144962920011,1.0895107882930972,0.015564439832758126
20250624T225406 - ca0a3,8.947368421052632,51,5.7,51,0,0,0,0.23976608187134502,0.4868421052631579,0.013157894736842105,0.260233918128655,34,6.111111111111111,28,1.3019196142457763e-06,2.4397419660023803e-05,1.1986449781792659e-05,0.022675322367015593,0.023343701910458776,0.00020679555650502182,1.4965666676839502e-06,1275.2500015469984,9.366130558183538e-08,64.35098269600476,5.90009002960295,2.100032044434947,91.95140385143553,2.000030518509476,0.0
20250626T224946 - 445f6,73.80191693290735,385,5.216666666666667,385,0,0,0,0.5862619808306709,0.2507987220447284,0.0,0.16293929712460065,92,6.461111111111111,28,2.9500564592422667e-06,0.00014086575670644246,4.6247718741416663e-05,0.02406272260200832,0.046074042603839516,0.0006103793450727875,3.836169011505478e-06,3.189550462355419e-06,1.2359996337779188e-09,105.95161748100186,8.100123599963382,1.0005784310434223,73.05111545152099,17.000259407330546,1.400021362956636
20250707T230832 - 47ba5,11.4,57,5.0,57,0,0,0,0.13,0.775,0.095,0.0,131,6.363888888888889,28,1.4018066957607151e-06,4.01546067690054e-05,1.6880916776024657e-05,0.0249864459746086,0.037288653283028744,0.0007171956541642543,3.5841700491348e-06,3.1440778832361825e-06,1.7853328043457416e-09,52.950808740500754,5.50053840754417,1.000015259254738,94.95144962919974,1.100016785180216,0.0
20250709T234128 - ee7af,44.97545008183306,229,5.091666666666667,229,0,0,0,0.9279869067103109,0.06873977086743044,0.0,0.0032733224222585926,114,6.152777777777778,28,9.792321543015575e-06,0.00017230521561326944,6.192999053926207e-05,0.033254492591631823,0.06615236184652089,0.00098288872951445,2e-06,1.0000000000000002e-06,0.0,100.78220767845697,6.5451712088381555,1.0390942106387513,78.44866786706137,14.943807794427329,1.2607196264534508
20250711T223802 - e7129,17.54152823920266,88,5.016666666666667,88,0,0,0,0.22591362126245848,0.45348837209302323,0.15946843853820597,0.1611295681063123,147,6.363888888888889,28,-2.094241157262143e-06,4.0654042176580093e-05,1.8179448835718863e-05,0.02173992672505875,0.02462464967802981,0.0005314795983764158,2.5096896267586287e-06,1432.749997535783,8.435316019165636e-08,63.650972014526445,9.000137333292635,1.100016785180216,93.951434369945,2.000030518509476,0.0
20250713T231551 - a12f9,16.231884057971016,84,5.175,84,0,0,0,0.19001610305958133,0.5040257648953301,0.1819645732689211,0.12399355877616747,153,6.566666666666666,28,-2.094241157262143e-06,4.5148960844752336e-05,1.7779900509659103e-05,0.03595948498489333,0.0363178401135295,0.0004961470839564205,2e-06,32766.999998,0.0,58.080618073061316,6.016907254249702,0.9546189764091935,95.00144962920011,2.000030518509476,0.015564439832758126
20250715T224329 - b44c6,10.5982905982906,62,5.85,62,0,0,0,0.17094017094017094,0.4700854700854701,0.1282051282051282,0.23076923076923078,33,6.227777777777778,28,1.6015808587905929e-06,3.545991393780327e-05,1.598193304239021e-05,0.03338774016541032,0.039487132908108825,0.0004864496292001086,2e-06,32766.999998,0.0,50.014267403180035,3.8006953505051158,0.9811090426343583,94.00143436994537,1.06616412854396,0.0
20250717T223933 - 51843,30.84695393759287,173,5.608333333333333,173,0,0,0,0.3164933135215453,0.43684992570579495,0.08915304606240713,0.1575037147102526,72,6.336111111111111,28,4.797967467268634e-06,2.9366801965392006e-05,1.4583513901181066e-05,0.032094686727500224,0.03883876436658842,0.0002875001068147823,1e-06,1e-06,0.0,56.049074864955585,5.0225598551896695,0.9917787102877895,95.00144962920011,2.0194860683004237,0.015564439832758126
20250721T225546 - 49fc1,43.766816143497756,244,5.575,244,0,0,0,0.6517189835575485,0.08819133034379671,0.0,0.2600896860986547,52,6.122222222222222,28,-6.988708151494145e-06,3.416138187810907e-05,1.348475600451674e-05,0.0249964201330607,0.0364602002166815,0.0007158390758995326,6.166676839503158e-06,115.49999386422316,2.753395184179205e-06,68.95105288857656,7.177358515427116,1.278300540177625,94.05143589587048,5.200079348124646,0.30000457777642
20250728T225537 - eaa1a,32.274368231046935,149,4.616666666666666,149,0,0,0,0.44223826714801445,0.3104693140794224,0.08844765342960288,0.1588447653429603,169,6.138888888888889,28,-2.9932248908965923e-06,3.755754264961699e-05,1.5282723471785637e-05,0.02577455864131596,0.030718453199865808,0.0006247127597888147,2.4812387462996305e-06,74.00000256352428,8.513138218329407e-08,66.95102237006708,9.751643739127374,1.500022888882107,90.95138859218079,7.100108340708644,0.10000152592547806
20250729T231435 - d5f21,46.36758321273516,267,5.758333333333334,267,0,0,0,0.20549927641099855,0.4645441389290883,0.09696092619392185,0.23299565846599132,37,6.169444444444444,28,3.49943540757443e-06,3.276296273689993e-05,1.598193304239021e-05,0.027249470854823453,0.02377064202551356,0.0009422951750236545,2.4810708944975124e-06,507.99999755117574,4.159672841578406e-08,59.35090639973107,5.610106852168698,1.20001831110568,92.95141911069027,3.000045777764214,0.10000152592547806
20250801T225202 - 543e4,16.047548291233284,90,5.608333333333333,90,0,0,0,0.21545319465081725,0.42050520059435365,0.11441307578008915,0.24962852897473997,55,6.166666666666667,28,2.6004516739399807e-06,3.476070436719871e-05,1.708069093905454e-05,0.024099372798852506,0.02832413778725556,0.0002995474257637249,-904.0,3639.5,392.0,78.95120548112394,5.466895994445281,1.000015259254738,94.95144962919974,1.000015259254738,0.0
20250804T230204 - 25c5d,24.50980392156863,125,5.1,125,0,0,0,0.1323529411764706,0.4591503267973856,0.016339869281045753,0.39215686274509803,111,6.15,28,1.2020325327308375e-06,3.88560747093112e-05,1.588204596087527e-05,0.026662767479476303,0.027094728354747237,0.00045526076540421817,3.5856578264717545e-06,3.1727538377025665e-06,1.5869624927521467e-09,56.950869777519706,8.000122074037904,1.800027466658534,93.951434369945,2.000030518509476,0.0
20250808T223701 - e37da,37.10843373493976,231,6.225,231,0,0,0,0.4149933065595716,0.40829986613119146,0.006693440428380187,0.17001338688085676,98,7.208333333333333,28,4.598193304238757e-06,3.4461043122653886e-05,1.508294930875576e-05,0.03347601242103336,0.03578880695516814,0.0006287035737174568,2e-06,0.0,0.0,64.99972533341472,6.026935483870972,1.0312814722128962,96.00146488845485,2.000030518509476,0.015564439832758126
20250812T230111 - 1fca2,16.51537335285505,94,5.691666666666666,94,0,0,0,0.232796486090776,0.5475841874084919,0.008784773060029283,0.2108345534407028,38,6.127777777777778,28,3.49943540757443e-06,3.685833307901242e-05,1.7080690939054535e-05,0.036566627552110355,0.026723951734977103,0.0005337822809534029,2e-06,1.0000000000000002e-06,0.0,56.62553519547104,5.156410095522915,1.216589861751153,93.86913663136693,1.198461867122404,0.015564439832758126
20250814T233620 - f6f06,29.914529914529915,175,5.85,175,0,0,0,0.19515669515669515,0.4928774928774929,0.14245014245014245,0.16951566951566951,39,6.305555555555555,28,-3.9616077150818336e-07,3.6358897671437725e-05,1.558238471633046e-05,0.03547475767540513,0.04107933273186433,0.00030892277291177245,2e-06,0.0,0.0,57.76874599444563,5.617432822656973,1.2535782952360606,95.00144962920011,1.000015259254738,0.011673329874568594
20250818T225356 - a88e7,56.37462235649547,311,5.516666666666667,311,0,0,0,0.3293051359516616,0.3595166163141994,0.061933534743202415,0.24924471299093656,64,6.152777777777778,28,1.1021454512158988e-06,3.825675222022156e-05,1.578215887936033e-05,0.038593904919583734,0.03439125547044199,0.001799786431470686,2e-06,0.0,0.0,58.21638618884866,8.419551538132993,1.2353892635883668,92.0364238410596,2.198477126377142,0.09727774895473829
20250819T225238 - 66b27,26.149253731343286,146,5.583333333333333,146,0,0,0,0.21940298507462686,0.517910447761194,0.1044776119402985,0.1582089552238806,50,6.125,28,-2.094241157262143e-06,3.7058107242042297e-05,1.5882045960875274e-05,0.02164703561510056,0.03320288161870183,0.00023490462965788939,-329.5,2819.0,563.0,57.950885036774444,5.200079348124639,0.9487304528946794,94.95144962919974,2.000030518509476,0.0
20250820T222840 - 30db2,26.835443037974684,159,5.925,159,0,0,0,0.20534458509142053,0.45147679324894513,0.2320675105485232,0.1111111111111111,46,6.475,28,3.7990966521192465e-06,9.886323892941069e-05,2.80682699056978e-05,0.020721021492660297,0.02498909419156477,0.00028840548417615255,1.8504898220770894e-06,9.900814844203007e-07,2.487258522293562e-09,70.21814166844696,14.909815988646699,1.6834508758812348,92.95141911069027,4.000061037018952,0.10000152592546385
20250821T233144 - d0130,23.861003861003862,103,4.316666666666666,103,0,0,0,0.38223938223938225,0.43243243243243246,0.0,0.18532818532818532,221,6.322222222222222,29,-3.9616077150818336e-07,4.3950315866573075e-05,1.867888424329356e-05,0.023569234313486127,0.022679614738151273,0.0004937722708822888,2.5032654805139313e-06,712.9999975435042,5.2415540025025334e-08,86.3350447401349,6.795342521438869,1.300019837031158,92.95141911069027,2.900044251838736,0.0
20250822T225407 - f3c6e,23.88888888888889,43,1.8,43,0,0,0,0.5972222222222222,0.36574074074074076,0.037037037037037035,0.0,526,6.286111111111111,28,-4.691305276650552e-06,4.804568620868557e-05,1.9078432569353305e-05,0.03784955513168706,0.05607127579577077,0.0015718413342692347,2e-06,0.0,0.0,67.50466486098814,8.206268799401805,1.249305703909421,95.00144962920011,2.000030518509476,0.011673329874568594
20250828T223236 - 79c0c,15.47872340425532,97,6.266666666666667,97,0,0,0,0.20611702127659576,0.48271276595744683,0.007978723404255319,0.30319148936170215,42,6.725,28,3.699209570604308e-06,2.7668721579638048e-05,1.298532059694205e-05,0.03770287543870357,0.02240002450254761,0.0007316654103213596,2e-06,0.0,0.0,59.8633838923307,6.082729587694935,1.0895107882931043,93.97419660023805,1.933881649220254,0.007782219916379063
20250829T224559 - 91782,101.25,513,5.066666666666666,513,0,0,0,0.8174342105263158,0.027960526315789474,0.0,0.15460526315789475,115,6.136111111111111,28,7.794579912716799e-06,6.510140537736137e-05,2.5670979949339275e-05,0.034937528015991696,0.02966790442747303,0.0006331523026215369,2e-06,1.0000000000000002e-06,0.0,101.01187022919402,8.038087099826043,1.6704611346781917,81.00123599963378,14.774544511246077,1.1984618671224077
20250830T225646 - abc42,30.422535211267604,180,5.916666666666667,180,0,0,0,0.16338028169014085,0.5380281690140845,0.12535211267605634,0.1732394366197183,40,6.436111111111111,28,1.9012421033354092e-06,7.151915036469619e-05,2.8268044068727672e-05,0.03487869588305307,0.030099175561539872,0.0009436889248329167,2e-06,0.0,0.0,63.95043794061098,5.509502227088227,1.1792352061525335,95.00144962920011,1.9611194189275807,0.011673329874568594
20250901T225000 - 79005,24.761904761904763,156,6.3,156,0,0,0,0.1402116402116402,0.5423280423280423,0.10714285714285714,0.21031746031746032,38,6.7555555555555555,28,8.993224890896065e-06,6.133066805017243e-05,2.54712057863094e-05,0.020638267738883633,0.028640221778008446,0.00024009350871303375,1.4704733420819725e-06,943.0000015318117,1.6373180333872496e-07,57.68585483413189,5.754772357860041,1.100016785180209,93.951434369945,1.000015259254738,0.0
20250903T222248 - e67b1,19.672131147540984,120,6.1,120,0,0,0,0.3251366120218579,0.3319672131147541,0.00819672131147541,0.33469945355191255,59,6.713888888888889,28,1.032746360665107e-07,5.1441846980193484e-05,1.8778771324808497e-05,0.03181241721854305,0.030774267166660745,0.0006053393353068668,2e-06,0.0,0.0,68.12326397442547,9.521286660359507,1.5398419141209132,92.98974578081607,4.459212012085331,0.08560441908016969
20250903T225637 - 74d16,25.808477237048663,137,5.308333333333334,137,0,0,0,0.46781789638932497,0.5070643642072213,0.02197802197802198,0.0031397174254317113,83,6.122222222222222,28,-1.8944669942322655e-06,3.03656727805414e-05,1.5182836390270701e-05,0.042055558854945524,0.04374189185766164,0.0013645821100497432,2e-06,0.0,0.0,66.06375316629536,6.251453415784184,1.4848995529038334,94.00143436994537,1.1362041077913716,0.02334665974913719
20250905T222532 - b68f9,21.91458026509573,124,5.658333333333333,124,0,0,0,0.1561119293078056,0.6774668630338734,0.0029455081001472753,0.1634756995581738,84,6.469444444444444,28,-6.1896114993746345e-06,4.784591204565569e-05,1.8778771324808497e-05,0.022138604655598623,0.026716963026825854,0.00030298890652180393,2.4389706106753743e-06,5.640163884395887e-07,3.7842951750236495e-09,61.17610812555316,5.201247734000297,1.20001831110568,93.951434369945,2.000030518509476,0.0
20250913T222238 - 67e54,33.10344827586207,208,6.283333333333333,208,0,0,0,0.17374005305039789,0.47480106100795755,0.0610079575596817,0.29045092838196285,18,6.583333333333333,28,5.497177037873206e-06,4.0254493850520344e-05,1.8678884243293556e-05,0.03471846528519548,0.04095655059968884,0.000687057405316327,2e-06,32766.999998,0.0,72.8774834437086,6.542832728049561,0.999786370433668,94.00143436994537,2.691675313577676,0.04669331949827438
20250913T225933 - 41a20,17.6,88,5.0,88,0,0,0,0.43333333333333335,0.49,0.0,0.07666666666666666,156,6.411111111111111,28,3.699209570604308e-06,3.925562303537095e-05,1.508294930875576e-05,0.036762816278572946,0.05678331083101887,0.0006287600939970106,2e-06,0.0,0.0,57.22876674703207,7.02296047242654,1.2820324839014887,95.040360728782,1.0116885891293066,0.0038911099581895314
20250918T224146 - bdfd3,40.594795539033456,182,4.483333333333333,182,0,0,0,0.362453531598513,0.43308550185873607,0.0,0.20446096654275092,202,6.280555555555556,28,3.898983733634185e-06,3.1963866084780416e-05,1.4983062227240822e-05,0.03317825373088718,0.034382771557512744,0.00041688482314523916,2e-06,0.0,0.0,80.43775509811704,11.061128574480435,1.2193067445905967,92.93137913144322,3.147907956175416,0.07003997924741157
20250922T231840 - 1f964,21.74496644295302,135,6.208333333333333,135,0,0,0,0.038926174496644296,0.42953020134228187,0.3409395973154362,0.1906040268456376,23,6.522222222222222,28,1.9012421033354092e-06,7.871102023377177e-05,3.216364024781029e-05,0.033249977660451055,0.03579101819666127,0.0005027235328226576,2e-06,0.0,0.0,68.15429854731902,5.506161706900244,1.0889004181035915,94.00143436994537,1.4027451399273616,0.007782219916379063
20250927T230400 - bd517,9.580838323353294,40,4.175,40,0,0,0,0.5209580838323353,0.46506986027944114,0.013972055888223553,0.0,206,6.152777777777778,28,-3.9616077150818336e-07,3.8356639301736505e-05,1.7180578020569473e-05,0.021673232665486618,0.023364888409070188,0.00030890453810235785,2.485572374645222e-06,82.749998,4.666280098879965e-08,91.58374840540792,14.70022431104465,0.8000122074037961,95.05145115512522,1.000015259254738,0.0
20250928T230001 - fdafd,60.884955752212385,344,5.65,344,0,0,0,0.443952802359882,0.4469026548672566,0.02064896755162242,0.08849557522123894,46,6.125,28,1.8013550218204704e-06,4.0654042176580093e-05,1.817944883571886e-05,0.03828953813287759,0.0399336766258739,0.00024863832514420564,2e-06,0.0,0.0,71.92768639179661,9.121982482375557,2.0935697500534047,92.0014038514359,5.046769615771964,0.3112887966551696
20251008T230325 - 9769e,9.455587392550143,55,5.816666666666666,55,0,0,0,0.10458452722063037,0.5100286532951289,0.05300859598853868,0.332378223495702,27,6.391666666666667,28,5.397289956358267e-06,3.745765556810205e-05,1.8578997161778615e-05,0.023427079256569113,0.02388422049623105,0.00037226793725394364,1.5124286629840997e-06,938.7499985460983,1.1978514969328876e-08,64.14511659901733,5.380441245765951,1.000015259254738,94.95144962919974,1.000015259254738,0.0
20251010T222749 - 8b0e7,13.125,70,5.333333333333333,70,0,0,0,0.2421875,0.55,0.0,0.2078125,190,7.033333333333333,28,-2.962736899932445e-07,4.844523453474532e-05,1.688091677602466e-05,0.03309674825281533,0.03712200750755306,0.0006194123661000391,2e-06,32767.000002,0.0,59.67137459944454,7.808553773613696,1.1387066255684033,94.05201879940184,2.05061494796594,0.038911099581895314
