subject_hash,baseline_study_id,drug,age,bmi,sex_binary,baseline_ahi,follow_up_ahi,ahi_reduction_ratio,baseline_event_count,follow_up_event_count,psg_raw_ahi,psg_raw_respiratory_event_count,psg_raw_sleep_hours,psg_raw_hypopnea_count,psg_raw_obstructive_apnea_count,psg_raw_central_apnea_count,psg_raw_mixed_apnea_count,psg_raw_n1_fraction,psg_raw_n2_fraction,psg_raw_n3_fraction,psg_raw_rem_fraction,psg_raw_wake_epoch_count,psg_raw_edf_duration_hours,psg_raw_edf_channel_count,psg_raw_edf_eeg_median,psg_raw_edf_eeg_iqr,psg_raw_edf_eeg_diff_mad,psg_raw_edf_airflow_median,psg_raw_edf_airflow_iqr,psg_raw_edf_airflow_diff_mad,psg_raw_edf_respiratory_belt_median,psg_raw_edf_respiratory_belt_iqr,psg_raw_edf_respiratory_belt_diff_mad,psg_raw_edf_heart_rate_median,psg_raw_edf_heart_rate_iqr,psg_raw_edf_heart_rate_diff_mad,psg_raw_edf_spo2_median,psg_raw_edf_spo2_iqr,psg_raw_edf_spo2_diff_mad,psg_repr_1,psg_repr_2,psg_repr_3,psg_repr_4,psg_repr_5
994cd1302bdc,20241022T231541 - 6a957,1,43.0,23.5,1.0,17.74390243902439,15.716814159292037,0.1142414013319951,97,74,17.74390243902439,97,5.466666666666667,97,0,0,0,0.3567073170731707,0.37347560975609756,0.06097560975609756,0.20884146341463414,57,6.144444444444445,28,-1.8944669942322655e-06,2.716928617206336e-05,1.248588518936735e-05,0.025005604388561663,0.031609786160619005,0.0003811396984771259,1.5009842219306007e-06,67.25000155909909,3.625598925748456e-08,70.65882354045229,7.058844300286509,1.100016785180216,94.95144962919974,2.000030518509476,0.0,-1.0750997165668188,0.455348486565917,-0.9181337844033647,0.9741275470710676,0.309305854965391
3dbb5e51919e,20241028T222519 - 0fcc2,1,45.0,30.0,1.0,21.02920723226704,10.014903129657228,0.5237622122868025,126,56,21.02920723226704,126,5.991666666666666,126,0,0,0,0.3184979137691238,0.44645340751043117,0.06397774687065369,0.17107093184979139,116,7.5055555555555555,28,5.097628711813451e-06,4.994354075746941e-05,1.768001342814417e-05,0.023911980239265117,0.029817432844019987,0.000364885631885737,3.7499999999999997e-06,3.2819452497939994e-06,1.2359996337779188e-09,60.62842858973969,8.24352405774102,1.6974950895718308,95.95146488845448,1.000015259254738,0.0,-1.4124080937293004,-1.100959973961953,0.9677323505772255,0.11442103516520058,-0.18659852320494347
dcc94a009b22,20240913T225816 - ad1c7,1,57.0,25.7,1.0,22.652106084243368,7.456647398843931,0.6708188028471791,121,43,22.652106084243368,121,5.341666666666667,121,0,0,0,0.31981279251170047,0.38065522620904835,0.0031201248049922,0.296411856474259,118,6.5,28,-3.4926602984712864e-06,2.9866237372966703e-05,1.3984191412091433e-05,0.03788895706045717,0.02222243501083475,0.001169732749412511,2e-06,0.0,0.0,64.90815219580676,6.050721762749106,0.9157994323557261,92.0014038514359,1.1517685476241297,0.015564439832758126,-0.6575626941227325,1.255332559008894,-1.4597540999933374,-0.9386807048194913,1.28468912870859
02b3f6ffac8d,20240913T231750 - 9cbba,1,60.0,22.1,0.0,16.111888111888113,47.213114754098356,-1.9303278688524586,96,216,16.111888111888113,96,5.958333333333333,96,0,0,0,0.16923076923076924,0.5762237762237762,0.0993006993006993,0.15524475524475526,74,6.722222222222222,28,2.7003387554549197e-06,3.5859462263863035e-05,1.618170720542009e-05,0.02096887969603585,0.02390021321756674,0.0001875056306650004,2.466216010010071e-06,869.2500025158239,5.117343668935211e-07,64.05097811822834,4.749515640735744,1.100016785180209,95.95146488845448,2.000030518509476,0.0,-2.3035074942693217,-1.159000455006262,0.8972753420200065,0.29174763877906484,-0.270680952523615
dbb352261f3e,20241007T233021 - 91fd6,1,43.0,35.9,1.0,20.372093023255815,6.9421487603305785,0.6592324238650515,73,35,20.372093023255815,73,3.5833333333333335,73,0,0,0,0.3953488372093023,0.413953488372093,0.004651162790697674,0.18604651162790697,299,6.308333333333334,28,-3.292886135441409e-06,5.244071779534287e-05,2.0077303384502705e-05,0.02210435551774652,0.025078909161656632,0.00037471289712210504,3.5641270180364384e-06,3.2514267403180028e-06,1.8158513138220376e-09,92.25174884182238,8.000122074037904,1.100016785180216,94.95144962919974,7.100108340708644,0.10000152592547806,0.8885464570551979,2.7291571459444914,0.7644499988259371,2.546717843392782,-1.447178552656061
000d8fdc8de2,20241119T232817 - 696ca,1,50.0,26.2,1.0,33.452188006482984,36.80580762250454,-0.10025112902545051,172,169,33.452188006482984,172,5.141666666666667,172,0,0,0,0.35170178282009723,0.25283630470016205,0.10696920583468396,0.2884927066450567,105,6.213888888888889,28,1.6015808587905929e-06,3.975505844294565e-05,1.6880916776024657e-05,0.021167161305581834,0.02120316959517205,0.00037837165440839787,3.5781502731406594e-06,3.192373424481948e-06,1.785332804346165e-09,77.9511902218692,9.30590561998352,1.000015259254738,93.951434369945,2.000030518509476,0.0,0.2764921797493087,-0.6251324499963667,-1.2499251820547932,1.2721486758815654,-1.2662314827339889
0f174a08cdb9,20241203T231831 - 6ca73,1,29.0,28.4,1.0,16.294200848656295,30.718232044198892,-0.8852248311847756,96,139,16.294200848656295,96,5.891666666666667,96,0,0,0,0.10466760961810467,0.5332390381895332,0.157001414427157,0.2050919377652051,17,6.25,28,1.1390514847254596e-05,4.225223548081912e-05,1.847911008026368e-05,0.019804788987395856,0.022567184835352725,0.0005063476821192056,2.5074236274300363e-06,1283.2499975345775,7.06503494369337e-08,70.15107119968225,7.700117496261484,1.20001831110568,92.95141911069027,2.000030518509476,0.0,-1.4717581721306505,-2.2622091808953915,0.8451562686329743,0.9128785021897734,-0.3054146022907254
b5794b8d96c5,20241031T230202 - 805e5,1,48.0,26.7,1.0,25.846153846153843,37.743589743589745,-0.4603174603174605,140,184,25.846153846153843,140,5.416666666666667,140,0,0,0,0.32153846153846155,0.43538461538461537,0.009230769230769232,0.23384615384615384,78,6.238888888888889,28,-4.091982787560919e-06,3.026578569902646e-05,1.4783288064210944e-05,0.03459665712454602,0.036663529801323376,0.0008159824823755599,2e-06,0.0,0.0,59.9995574816126,4.140073049104345,0.9725667790765016,94.00143436994537,2.000030518509476,0.019455549790947657,-0.6859401957463215,1.0363864739304307,-1.4501065269753974,-1.1667054921799915,1.1420513884308747
ddf6695c9cd4,20241215T231539 - 05bea,1,41.0,27.5,1.0,43.50453172205438,43.83233532934132,-0.007534930139720597,240,244,43.50453172205438,240,5.516666666666667,240,0,0,0,0.17220543806646527,0.6344410876132931,0.04833836858006042,0.14501510574018128,92,6.402777777777778,29,1.6015808587905929e-06,4.3950315866573075e-05,1.7380352183599354e-05,0.03526196057008575,0.02678111246070738,0.00049851326029237,2e-06,32766.999998,0.0,74.51443415936764,5.467770299386572,1.3914400944547864,93.00141911069063,2.0039216284676655,0.0622577593310325,0.01461633481984898,-0.7678187393404458,-0.06239679044417931,-2.788934051105882,-0.5167897682914537
16149ccb2917,20241125T232211 - b4331,1,31.0,24.8,1.0,14.293628808864266,10.958904109589042,0.23330147605394494,86,60,14.293628808864266,86,6.016666666666667,86,0,0,0,0.054016620498614956,0.5207756232686981,0.18698060941828254,0.23822714681440443,54,6.572222222222222,28,3.599322489089369e-06,3.995483260597552e-05,1.6581255531479835e-05,0.03382337235633411,0.00649684162800989,0.0005291417737357737,1e-06,1e-06,0.0,69.61464278084658,5.500119309060935,1.1074556718649973,94.00143436994537,1.0778374584185286,0.0,-2.2922483912976044,-1.7250648729794527,0.5153997332624767,-0.03909084750831717,0.23170294571300584
57d3b2f49e24,20241030T223243 - 3e6b2,1,47.0,28.3,1.0,30.331753554502367,17.51552795031056,0.4225349378881987,160,94,30.331753554502367,160,5.275,160,0,0,0,0.07266982622432859,0.44549763033175355,0.22906793048973143,0.2527646129541864,13,6.730555555555555,29,4.098757896664063e-06,4.6647267067476426e-05,1.7480239265114295e-05,0.0327865211035493,0.03356954133732105,0.00036335926389355344,32767.0,0.0,0.0,63.49699510025332,6.56778612170784,1.2141576296273726,93.02865688039796,1.9961394085512865,0.03112887966551625,-1.1705209690679472,-2.644120845960707,1.13102359994576,-2.636422036176981,-1.2584285576734218
31f5b968dbc7,20250124T224614 - 94a9e,1,56.0,30.4,1.0,32.52892561983471,52.4007561436673,-0.6108972290100975,164,231,32.52892561983471,164,5.041666666666667,164,0,0,0,0.3504132231404959,0.39173553719008264,0.10578512396694215,0.15206611570247933,120,6.222222222222222,28,-1.3950315866575714e-06,2.9966124454481643e-05,1.3784417249061555e-05,0.026401501510666132,0.030232347148045374,0.0008134590441602821,2.4939115573595382e-06,673.2499975510613,5.386516922513521e-08,71.95109866634077,5.246840583513531,0.8700546891689811,91.95140385143553,3.000045777764214,0.0,0.24345124199953871,0.7783283654259286,-0.8863804708930866,-0.519411825903254,-0.5860271057133326
ee79a2a62324,20250217T230024 - d143b,0,48.0,24.5,1.0,9.93324432576769,6.039735099337748,0.3919675283059176,62,38,9.93324432576769,62,6.241666666666666,62,0,0,0,0.15220293724966621,0.5914552736982643,0.0534045393858478,0.20293724966622162,28,6.594444444444444,29,1.00225836970096e-06,4.6447492904446545e-05,1.7380352183599347e-05,0.03204412112796411,0.029405092242194522,0.00026873641163366324,2e-06,32766.999998,0.0,54.97348135929441,8.275165666676862,1.6072267830439202,93.00141911069063,2.5934247871333866,0.019455549790947657,-2.3669044112641173,-0.9580256488028371,1.2839437931238729,-0.6504179922856944,1.6649601303971306
ce6659121363,20250211T220910 - 17a61,0,47.0,29.0,1.0,33.4054054054054,22.82694848084544,0.31666901796821895,206,144,33.4054054054054,206,6.166666666666667,206,0,0,0,0.05945945945945946,0.5918918918918918,0.18243243243243243,0.1662162162162162,70,6.8694444444444445,28,1.6015808587905929e-06,4.092873165074618e-05,1.867888424329356e-05,0.02467477440717795,0.028449332842494054,0.0005308820764793852,2.480048524430067e-06,306.9999975493904,4.2936490981780496e-07,63.860465079195514,6.000091555528421,1.100016785180216,93.951434369945,2.000030518509476,0.0,-1.1680553601312171,-2.1078354505172534,0.2491366321793048,-1.1388020716624399,-0.7622380941950315
33b41c66dba3,20250227T225014 - 06af2,0,39.0,28.9,1.0,15.952732644017726,10.5982905982906,0.3356441911997467,90,62,15.952732644017726,90,5.641666666666667,90,0,0,0,0.25258493353028066,0.5701624815361891,0.033973412112259974,0.1432791728212703,44,6.1305555555555555,28,1.9012421033354092e-06,3.855641346476638e-05,1.6081820123905142e-05,0.030198099795525988,0.03086803906369202,0.000720969756157111,2e-06,0.0,0.0,61.08096560563982,8.534073915829957,1.8173252845851096,95.00144962920011,1.0194708090456857,0.0,-1.4367227909262141,0.029028118473861754,-0.5438701206023371,0.7808471792676606,0.684367383546992
b6fc768f9295,20250310T225920 - 55d3b,0,59.0,29.3,1.0,19.19191919191919,7.513812154696132,0.6084908403605699,95,34,19.19191919191919,95,4.95,95,0,0,0,0.4595959595959596,0.3164983164983165,0.003367003367003367,0.22053872053872053,127,6.125,28,5.028229621262659e-07,3.735776848658711e-05,1.3384868923001803e-05,0.03321901272621844,0.04136320393993912,0.0006454683065279035,2e-06,0.0,0.0,77.38090242088074,9.741145312738425,1.2484834360789847,92.09868160039063,6.054567094943081,0.18288216803490798,0.9942067800603037,1.67513824694773,-0.7924018675854223,1.190265604451259,1.2425458025065532
2a9922935e2c,20250416T093837 - 5930d,0,38.0,20.5,1.0,18.313953488372093,12.055641421947449,0.3417237064841393,105,65,18.313953488372093,105,5.733333333333333,105,0,0,0,0.11627906976744186,0.40988372093023256,0.12063953488372094,0.35319767441860467,53,6.363888888888889,28,-3.592547379986225e-06,3.8156865138706624e-05,1.178667561876278e-05,0.021194489387188327,0.02825063078707244,0.00033971741386150736,1.4599291970580155e-06,2220.0000014977036,2.443006683553568e-08,56.950869777519706,8.256258936200702,1.6399922559282203,94.95144962919974,1.900028992583998,0.0,-2.120123792048293,-1.159818582675314,-1.3024412227050177,1.6070683511450203,0.43658679295358455
db49e5b978dc,20250427T224725 - 2a2a6,0,24.0,33.5,1.0,51.810089020771514,30.422535211267604,0.41280673733120377,291,180,51.810089020771514,291,5.616666666666666,291,0,0,0,0.23293768545994065,0.4198813056379822,0.1513353115727003,0.19584569732937684,69,6.425,28,6.496047853022595e-06,5.551224555192724e-05,2.0776512955107276e-05,0.02399329895931883,0.028381208014160674,0.000603647083956417,-819.0,3580.0,195.0,64.36478412427142,7.727889492476777,1.800027466658534,93.951434369945,2.000030518509476,0.0,0.83668035153908,-2.659438325976182,-1.545075986785675,-0.6670173736105274,-2.1418846505760096
a3692d93b315,20250419T224443 - 8b996,0,64.0,25.4,1.0,29.2436974789916,32.41025641025641,-0.10828175655761847,145,158,29.2436974789916,145,4.958333333333333,145,0,0,0,0.5294117647058824,0.26554621848739496,0.0,0.20504201680672268,126,6.2555555555555555,28,3.030487990963883e-07,2.729414502395703e-05,1.1586901455732901e-05,0.02660268089083529,0.03817528434476768,0.0003969629505294961,2.199621570482498e-06,675.0000022306741,2.749336222418897e-06,67.42999343852046,6.163052858058762,1.000015259254738,93.951434369945,1.000015259254738,0.0,0.09323042723942311,1.3676600175032365,-1.4398171908280926,0.05237449396771807,-0.17972860592649947
9a418e862d44,20250421T230048 - 3555a,1,41.0,27.2,1.0,26.60377358490566,25.454545454545457,0.043197936814958,141,133,26.60377358490566,141,5.3,141,0,0,0,0.24056603773584906,0.44339622641509435,0.139937106918239,0.1761006289308176,111,6.3805555555555555,28,3.387554551571891e-09,4.2651783806878867e-05,1.6281594286935023e-05,0.0233496047853022,0.02472304897076335,0.0004935523697622603,2.521530808435316e-06,1676.7499975462356,4.463332010864608e-08,74.16060062257758,7.000106814783166,1.000015259254738,94.95144962919974,1.900028992583998,0.0,-0.710198483016396,-0.26380202001905806,-0.043222144322656905,0.3848569939634567,-1.0325518855154594
4d545550ec7f,20250504T222925 - 39b18,0,45.0,26.3,1.0,17.213114754098363,8.29971181556196,0.5178262659530671,105,48,17.213114754098363,105,6.1,105,0,0,0,0.18032786885245902,0.4808743169398907,0.0860655737704918,0.2527322404371585,31,6.486111111111111,28,4.698080385753696e-06,2.656996368297372e-05,1.258577227088229e-05,0.02253706747642445,0.049352160100100795,0.00035128574480422503,2.4830774864955594e-06,760.0000025357067,6.401257362590432e-08,60.026982918790225,8.900135807367164,1.20001831110568,93.951434369945,1.700025940733056,0.0,-1.6887192726992306,-0.9310120228086756,-0.21683687318796632,0.4309394087804679,0.9402312045370672
c4924af5399b,20250515T231026 - e2ff5,0,49.0,23.1,1.0,27.637795275590552,16.231884057971016,0.4126925141417895,117,84,27.637795275590552,117,4.233333333333333,117,0,0,0,0.2283464566929134,0.4763779527559055,0.1594488188976378,0.13582677165354332,226,6.333333333333333,28,3.1997741630296138e-06,4.774602496414075e-05,1.807956175420392e-05,0.02376537259285257,0.020589146965697285,0.0004116586809900201,1.455916013061922e-06,2172.0000014916263,4.0726950895718305e-08,57.67619145023957,7.000106814783166,1.100016785180209,94.95144962919974,1.8000274666585199,0.0,-0.8788053902310174,0.5472024608742576,0.5727104921639136,0.6764212917200784,-2.18281111018103
d742091d04f9,20250514T225953 - cc636,0,43.0,39.1,1.0,26.244604316546763,22.748815165876774,0.13320029932651548,152,120,26.244604316546763,152,5.791666666666667,152,0,0,0,0.18992805755395684,0.60431654676259,0.0,0.20575539568345325,37,6.258333333333334,28,7.095370342112227e-06,2.816815698721274e-05,1.2086336863307596e-05,0.02327095043794061,0.02125876580858799,0.000507592699972536,3.5271004364146853e-06,388.9999965591258,3.79192480239266e-08,73.05111545152099,8.670195940274894,0.9000137333292599,92.95141911069027,3.000045777764214,0.0,-0.9850865737917565,-1.20313892635128,-0.6029634140656437,0.5252335647088291,-0.05509816558525348
296c7b1008e9,20250522T230324 - aa419,1,53.0,25.7,0.0,13.20754716981132,11.4,0.13685714285714282,70,57,13.20754716981132,70,5.3,70,0,0,0,0.11163522012578617,0.5911949685534591,0.09433962264150944,0.2028301886792453,104,6.2972222222222225,28,-5.490401928770062e-06,4.444975127414777e-05,1.8978545487838378e-05,0.026114708433790094,0.03965691763054301,0.0010884502700888136,2e-06,1.0149845881527143e-06,2.3804437391277966e-09,57.15087282937065,6.715126999725662,1.100016785180209,94.95144962919974,2.000030518509476,0.0,-1.7886619231711076,1.0304256718124187,0.18540080183192179,0.00828034859747429,0.7122061008254087
b2bdfb5982ba,20250514T225415 - 85553,0,55.0,26.1,1.0,24.175182481751825,8.947368421052632,0.6298944825832697,138,51,24.175182481751825,138,5.708333333333333,138,0,0,0,0.11240875912408758,0.6204379562043796,0.05693430656934306,0.21021897810218979,62,6.35,28,-3.99209570604598e-06,2.9866237372966703e-05,1.2585772270882293e-05,0.023258261131626327,0.03173972594378491,0.00033788782921841815,1.8909878841517376e-06,708.0000019538026,1.056520279549547e-06,62.24570675908693,10.800164799951169,3.100047303689685,92.95141911069027,1.000015259254738,0.0,-1.585253794227705,-1.156545258498442,-1.8266884347882204,2.54356791799924,0.1788293599829045
8fe1d331b73f,20250621T232838 - 376bd,0,38.0,42.0,0.0,17.67857142857143,101.25,-2.0,99,513,17.67857142857143,99,5.6,99,0,0,0,0.38392857142857145,0.33630952380952384,0.11458333333333333,0.16517857142857142,51,6.183333333333334,28,-1.594805749687449e-06,0.00010757838679158909,4.1353251747184665e-05,0.034626255714590895,0.02982364383373496,0.0005668019653920081,2e-06,1.0000000000000002e-06,0.0,98.23841059602648,10.394744798120087,2.0132450331125824,82.92344431897946,17.436063722647788,1.2801751762444127,5.637878784806939,-1.6314056519080486,2.295424258084849,3.295881841199505,3.2046134271590643
be80c320da01,20250626T224946 - 445f6,1,36.0,42.2,1.0,73.80191693290735,44.97545008183306,0.39059238633706717,385,229,73.80191693290735,385,5.216666666666667,385,0,0,0,0.5862619808306709,0.2507987220447284,0.0,0.16293929712460065,92,6.461111111111111,28,2.9500564592422667e-06,0.00014086575670644246,4.6247718741416663e-05,0.02406272260200832,0.046074042603839516,0.0006103793450727875,3.836169011505478e-06,3.189550462355419e-06,1.2359996337779188e-09,105.95161748100186,8.100123599963382,1.0005784310434223,73.05111545152099,17.000259407330546,1.400021362956636,10.717745707185065,-2.952253615605751,1.265425644115145,0.14702602973960807,1.135593658571818
923de1573fff,20250711T223802 - e7129,1,42.0,27.5,1.0,17.54152823920266,23.88888888888889,-0.361847643097643,88,43,17.54152823920266,88,5.016666666666667,88,0,0,0,0.22591362126245848,0.45348837209302323,0.15946843853820597,0.1611295681063123,147,6.363888888888889,28,-2.094241157262143e-06,4.0654042176580093e-05,1.8179448835718863e-05,0.02173992672505875,0.02462464967802981,0.0005314795983764158,2.5096896267586287e-06,1432.749997535783,8.435316019165636e-08,63.650972014526445,9.000137333292635,1.100016785180216,93.951434369945,2.000030518509476,0.0,-1.2259884349832677,0.35862843766531216,0.388646695480236,1.3463610306054654,-0.9588965736869268
5d0bd1ca8159,20250728T225537 - eaa1a,0,34.0,28.9,1.0,32.274368231046935,26.835443037974684,0.1685215076600686,149,159,32.274368231046935,149,4.616666666666666,149,0,0,0,0.44223826714801445,0.3104693140794224,0.08844765342960288,0.1588447653429603,169,6.138888888888889,28,-2.9932248908965923e-06,3.755754264961699e-05,1.5282723471785637e-05,0.02577455864131596,0.030718453199865808,0.0006247127597888147,2.4812387462996305e-06,74.00000256352428,8.513138218329407e-08,66.95102237006708,9.751643739127374,1.500022888882107,90.95138859218079,7.100108340708644,0.10000152592547806,1.2950586737884948,1.11846779608104,-1.2020386092205504,1.5636916781616148,-0.522081116147805
d789688433b7,20250729T231435 - d5f21,0,31.0,30.1,1.0,46.36758321273516,56.37462235649547,-0.21581972685200917,267,311,46.36758321273516,267,5.758333333333334,267,0,0,0,0.20549927641099855,0.4645441389290883,0.09696092619392185,0.23299565846599132,37,6.169444444444444,28,3.49943540757443e-06,3.276296273689993e-05,1.598193304239021e-05,0.027249470854823453,0.02377064202551356,0.0009422951750236545,2.4810708944975124e-06,507.99999755117574,4.159672841578406e-08,59.35090639973107,5.610106852168698,1.20001831110568,92.95141911069027,3.000045777764214,0.10000152592547806,0.3302510031793131,-1.742935524390582,-2.1651004153657394,-1.3833694237002379,-0.5192883633884474
6608b1313448,20250717T223933 - 51843,0,55.0,18.9,0.0,30.84695393759287,26.149253731343286,0.15229057027003703,173,146,30.84695393759287,173,5.608333333333333,173,0,0,0,0.3164933135215453,0.43684992570579495,0.08915304606240713,0.1575037147102526,72,6.336111111111111,28,4.797967467268634e-06,2.9366801965392006e-05,1.4583513901181066e-05,0.032094686727500224,0.03883876436658842,0.0002875001068147823,1e-06,1e-06,0.0,56.049074864955585,5.0225598551896695,0.9917787102877895,95.00144962920011,2.0194860683004237,0.015564439832758126,-0.6735778339293371,-0.4258083823668766,-0.6914706515147554,-1.1952899676365225,-0.009711622312386793
804f95c42f4d,20250804T230204 - 25c5d,1,36.0,35.6,1.0,24.50980392156863,17.6,0.28192,125,88,24.50980392156863,125,5.1,125,0,0,0,0.1323529411764706,0.4591503267973856,0.016339869281045753,0.39215686274509803,111,6.15,28,1.2020325327308375e-06,3.88560747093112e-05,1.588204596087527e-05,0.026662767479476303,0.027094728354747237,0.00045526076540421817,3.5856578264717545e-06,3.1727538377025665e-06,1.5869624927521467e-09,56.950869777519706,8.000122074037904,1.800027466658534,93.951434369945,2.000030518509476,0.0,-1.282630406555613,-0.6432060700985178,-1.715360862217965,1.3737775474050715,0.3611286231015456
66aa0f86502a,20250812T230111 - 1fca2,0,34.0,24.3,1.0,16.51537335285505,15.47872340425532,0.06276878678134896,94,97,16.51537335285505,94,5.691666666666666,94,0,0,0,0.232796486090776,0.5475841874084919,0.008784773060029283,0.2108345534407028,38,6.127777777777778,28,3.49943540757443e-06,3.685833307901242e-05,1.7080690939054535e-05,0.036566627552110355,0.026723951734977103,0.0005337822809534029,2e-06,1.0000000000000002e-06,0.0,56.62553519547104,5.156410095522915,1.216589861751153,93.86913663136693,1.198461867122404,0.015564439832758126,-1.5766128119655194,-0.23871857453114254,-0.509730211701216,-0.4074169845252712,1.3077479178208435
9e382aa05fa0,20250814T233620 - f6f06,0,30.0,24.5,1.0,29.914529914529915,24.761904761904763,0.17224489795918366,175,156,29.914529914529915,175,5.85,175,0,0,0,0.19515669515669515,0.4928774928774929,0.14245014245014245,0.16951566951566951,39,6.305555555555555,28,-3.9616077150818336e-07,3.6358897671437725e-05,1.558238471633046e-05,0.03547475767540513,0.04107933273186433,0.00030892277291177245,2e-06,0.0,0.0,57.76874599444563,5.617432822656973,1.2535782952360606,95.00144962920011,1.000015259254738,0.011673329874568594,-1.0290220769552503,-0.7663880971976358,-0.8316499945119918,-1.1669489009581357,0.3368807876898882
2e320be94326,20250801T225202 - 543e4,0,40.0,27.0,1.0,16.047548291233284,33.10344827586207,-1.0628352490421458,90,208,16.047548291233284,90,5.608333333333333,90,0,0,0,0.21545319465081725,0.42050520059435365,0.11441307578008915,0.24962852897473997,55,6.166666666666667,28,2.6004516739399807e-06,3.476070436719871e-05,1.708069093905454e-05,0.024099372798852506,0.02832413778725556,0.0002995474257637249,-904.0,3639.5,392.0,78.95120548112394,5.466895994445281,1.000015259254738,94.95144962919974,1.000015259254738,0.0,-1.5193591316640367,-0.9261902333036838,-0.2799842573063277,0.7814970851209274,-0.8011816736034612
a434d26cc577,20250808T223701 - e37da,1,63.0,20.6,1.0,37.10843373493976,9.580838323353294,0.7418150711563885,231,40,37.10843373493976,231,6.225,231,0,0,0,0.4149933065595716,0.40829986613119146,0.006693440428380187,0.17001338688085676,98,7.208333333333333,28,4.598193304238757e-06,3.4461043122653886e-05,1.508294930875576e-05,0.03347601242103336,0.03578880695516814,0.0006287035737174568,2e-06,0.0,0.0,64.99972533341472,6.026935483870972,1.0312814722128962,96.00146488845485,2.000030518509476,0.015564439832758126,-0.04017723964397871,-0.546923002444802,-0.6473379333123616,-2.269313385919215,0.208689950556479
d4bfd61f3120,20250903T222248 - e67b1,1,36.0,25.8,1.0,19.672131147540984,60.884955752212385,-2.0,120,344,19.672131147540984,120,6.1,120,0,0,0,0.3251366120218579,0.3319672131147541,0.00819672131147541,0.33469945355191255,59,6.713888888888889,28,1.032746360665107e-07,5.1441846980193484e-05,1.8778771324808497e-05,0.03181241721854305,0.030774267166660745,0.0006053393353068668,2e-06,0.0,0.0,68.12326397442547,9.521286660359507,1.5398419141209132,92.98974578081607,4.459212012085331,0.08560441908016969,-0.1447839893001448,-0.7441290703883592,-0.7582243916268282,0.77954426970316,1.7581139837938238
7e284d71b7e4,20250821T233144 - d0130,0,57.0,32.1,1.0,23.861003861003862,40.594795539033456,-0.7013029198397516,103,182,23.861003861003862,103,4.316666666666666,103,0,0,0,0.38223938223938225,0.43243243243243246,0.0,0.18532818532818532,221,6.322222222222222,29,-3.9616077150818336e-07,4.3950315866573075e-05,1.867888424329356e-05,0.023569234313486127,0.022679614738151273,0.0004937722708822888,2.5032654805139313e-06,712.9999975435042,5.2415540025025334e-08,86.3350447401349,6.795342521438869,1.300019837031158,92.95141911069027,2.900044251838736,0.0,0.20442390002346456,1.5941739316668218,0.5649241803637596,0.8467392969463422,-1.5238061855116967
87430e758310,20250905T222532 - b68f9,0,58.0,29.9,1.0,21.91458026509573,13.125,0.40108366935483875,124,70,21.91458026509573,124,5.658333333333333,124,0,0,0,0.1561119293078056,0.6774668630338734,0.0029455081001472753,0.1634756995581738,84,6.469444444444444,28,-6.1896114993746345e-06,4.784591204565569e-05,1.8778771324808497e-05,0.022138604655598623,0.026716963026825854,0.00030298890652180393,2.4389706106753743e-06,5.640163884395887e-07,3.7842951750236495e-09,61.17610812555316,5.201247734000297,1.20001831110568,93.951434369945,2.000030518509476,0.0,-1.7216333592156963,-0.3285683705007026,0.018226225485488193,0.4822124878157362,0.06696596767448201
f46c9e6eb809,20250922T231840 - 1f964,0,32.0,25.3,1.0,21.74496644295302,9.455587392550143,0.565159715589515,135,55,21.74496644295302,135,6.208333333333333,135,0,0,0,0.038926174496644296,0.42953020134228187,0.3409395973154362,0.1906040268456376,23,6.522222222222222,28,1.9012421033354092e-06,7.871102023377177e-05,3.216364024781029e-05,0.033249977660451055,0.03579101819666127,0.0005027235328226576,2e-06,0.0,0.0,68.15429854731902,5.506161706900244,1.0889004181035915,94.00143436994537,1.4027451399273616,0.007782219916379063,-0.6241855570721405,-2.4976369076420757,1.825667426807477,-1.0886318022906403,-0.043956794534380964
