patient_id,generated_at,label_status,age,sex,BMI,ahi,ahi_severity,rem_relevance,position_relevance,oxygen_burden
20201014T221256 - d25c6,2026-09-15T15:21:53+00:00,pending_follow_up_outcome,66.0,1,25.8,30.0,SEVERE,HIGH,UNKNOWN,HIGH_BURDEN
20211015T231717 - 76b7d,2026-09-15T15:21:57+00:00,pending_follow_up_outcome,33.0,1,26.9,5.10989010989011,MILD,HIGH,UNKNOWN,LOW_BURDEN
20211021T225624 - a9b0b,2026-09-15T16:22:11+00:00,pending_follow_up_outcome,40.0,1,32.2,7.317073170731708,MILD,HIGH,UNKNOWN,MODERATE_BURDEN
20211116T222752 - f4d06,2026-09-15T15:22:08+00:00,pending_follow_up_outcome,58.0,1,26.5,35.3133514986376,SEVERE,HIGH,UNKNOWN,HIGH_BURDEN
20220421T230923 - 2ccca,2026-09-15T15:22:14+00:00,pending_follow_up_outcome,44.0,1,42.7,137.11764705882354,SEVERE,LOW,UNKNOWN,HIGH_BURDEN
20220902T232511 - 05138,2026-09-15T15:22:19+00:00,pending_follow_up_outcome,30.0,1,33.6,136.53958944281524,SEVERE,LOW,UNKNOWN,HIGH_BURDEN
20230801T221115 - e7f9c,2026-09-15T15:22:25+00:00,pending_follow_up_outcome,41.0,1,27.2,6.285714285714286,MILD,MODERATE,UNKNOWN,MODERATE_BURDEN
20230826T230519 - 74d0f,2026-09-15T15:22:30+00:00,pending_follow_up_outcome,43.0,1,28.7,6.676427525622255,MILD,HIGH,UNKNOWN,MILD_BURDEN
20240222T225441 - 759ed,2026-09-15T15:22:36+00:00,pending_follow_up_outcome,43.0,1,34.5,44.52173913043478,SEVERE,HIGH,UNKNOWN,HIGH_BURDEN
20240223T232831 - ee8ed,2026-09-15T15:22:41+00:00,pending_follow_up_outcome,26.0,1,26.7,27.968503937007874,MODERATE,LOW,UNKNOWN,MILD_BURDEN
20241106T230254 - 91bed,2026-09-15T15:22:47+00:00,pending_follow_up_outcome,70.0,1,34.5,38.34319526627219,SEVERE,HIGH,UNKNOWN,MODERATE_BURDEN
20241219T232019 - 9bbc3,2026-09-17T02:47:22+00:00,pending_follow_up_outcome,39.0,1,31.7,38.109640831758036,SEVERE,MODERATE,UNKNOWN,MODERATE_BURDEN
20250312T230552 - 5398d,2026-09-29T18:56:58+00:00,pending_follow_up_outcome,30.0,1,25.4,30.000000000000004,SEVERE,MODERATE,UNKNOWN,MILD_BURDEN
20250613T224724 - 70e7e,2026-09-15T15:23:05+00:00,pending_follow_up_outcome,36.0,2,35.9,26.931297709923665,MODERATE,MODERATE,UNKNOWN,MILD_BURDEN
20250614T224054 - df154,2026-09-15T16:37:24+00:00,pending_follow_up_outcome,38.0,1,34.1,80.44137931034483,SEVERE,LOW,UNKNOWN,HIGH_BURDEN
20250616T000636 - 5a8cd,2026-09-15T15:23:59+00:00,pending_follow_up_outcome,32.0,1,31.2,65.4726368159204,SEVERE,LOW,UNKNOWN,HIGH_BURDEN
20250916T231544 - dba60,2026-09-15T15:24:04+00:00,pending_follow_up_outcome,34.0,1,35.7,24.15929203539823,MODERATE,HIGH,UNKNOWN,HIGH_BURDEN
20250916T233539 - d0f84,2026-09-15T15:24:09+00:00,pending_follow_up_outcome,33.0,1,29.7,19.0521327014218,MODERATE,HIGH,UNKNOWN,HIGH_BURDEN
20251022T230528 - 06c72,2026-09-15T15:24:15+00:00,pending_follow_up_outcome,39.0,1,26.9,37.434402332361515,SEVERE,LOW,UNKNOWN,MODERATE_BURDEN
20251027T230734 - d6018,2026-09-15T15:24:20+00:00,pending_follow_up_outcome,43.0,1,29.1,31.521739130434785,SEVERE,HIGH,UNKNOWN,HIGH_BURDEN
